price,market_cap,volume
3135044.197682978,59287164651159.23,2340343396997.6714
3130449.9497925485,59256227621074.12,2223317070943.8853
3218165.733077973,60916797542559.48,2189876392733.6638
3193996.6706421883,60459482378253.04,2064293703143.5059
3209900.423173387,60760686595312.516,1956168441249.413
3183106.5978884697,60253600933725.07,1885694398493.1216
3194897.1789643015,60345032188158.11,1891911934307.9758
3207407.284017662,60713974701355.53,1636170125204.4878
3201299.76523184,60598462886295.79,1535343242119.4902
3224908.7195505095,61045464569328.06,1517459492382.2803
3220890.1928479047,61049222005106.234,1511480231710.3318
3202954.583032068,60521089464852.66,1498071335230.0415
3203865.6195966974,60647712012377.32,1475849057855.8247
3189316.246484006,60372538227136.08,1465129803279.558
3199802.734813091,60571165037871.04,1452089428664.532
3190118.9455796746,60437706529604.65,1443679253817.1692
3188911.0081640966,60365227567485.16,1448947961393.4192
3199376.017910102,60557958646141.336,1442178453236.201
3201276.2610455803,60599557781655.75,1419472443800.2822
3196602.92485908,60511191500923.18,1401796871310.5198
3195348.3893432016,60487603107989.16,1364255665143.2266
3191571.1023638505,60416160109490.67,1348410241581.2515
3203151.985339841,60635484502820.02,1345502915412.5037
3192370.0158996796,60538488609681.88,1268722941487.3716
3164244.705423659,60111451980922.03,1231513140802.0693
3199277.715078128,60555301676872.766,1238689919835.9495
3213431.7193593127,60928867710669.6,1215368308403.208
3225459.1032008636,61058585915412.99,1165610949168.1602
3221970.9202419533,60992611909840.78,1151058994722.7246
3232762.87394222,61196967368527.35,1151861632866.8604
3219761.1964486786,60927474783175.305,1097629868549.4666
3226748.0465931734,61083308546422.74,1086989076949.4229
3234793.731256409,61235696640646.484,1101783008028.568
3212018.0767670656,60804706699979.34,1102416146223.5056
3212696.0380535615,60817701396170.086,1089089048709.6764
3201558.2472762903,60632110000236.805,1083961293994.0967
3196914.544842405,60478892540828.33,1060750142414.5853
3196617.0849930593,60539243805657.875,1048914327931.1617
3187180.211302203,60460965182758.59,1063018243547.439
3195316.2413725764,60419961843938.15,1072629775216.8616
3195621.9767050394,60529564739193.914,1066265149311.2955
3194006.1220938866,60464870709712.53,1062433430227.4854
3206811.614477709,60609808502541.79,1062275967027.6493
3210852.5122967414,60827673443745.18,1055215005064.8441
3199498.7163976915,60667872943892.74,1068672569345.3256
3199001.6588367093,60559980503271.85,1086817508419.0077
3193546.1438145656,60456801693869.625,1061497534251.293
3194969.623557096,60483969943559.38,1080973395375.4424
3199610.742349156,60530943079324.2,1072341887198.149
3198944.913967485,60309956289143.91,1094869590210.9965
3215390.81905104,60871103781112.836,1114270408027.6443
3206134.1996148485,60695926080004.016,1114097911612.8647
3221772.610670865,61010414514323.69,1120179796942.661
3196968.2204158925,60522882758983.55,1097655284302.831
3197001.5124493307,60481816615146.86,1096873892960.8662
3175330.276825778,60161160128424.44,1092207711792.0635
3201483.981559473,60613388267437.35,1094520037048.7434
3192267.764086005,60434436329400.79,1074024194434.114
3210857.429812499,60776010831722.52,1072469001569.5607
3202973.7342165196,60637337472350.12,1073532212927.2917
3179669.59226642,60274598364366.26,1063912186831.1404
3182803.328029706,60251596196797.07,1074118863212.7291
3190588.150881611,60319836389942.15,1075419488108.2738
3169108.9398704553,60029433213386.55,1079939664241.285
3167955.149379184,59986660127197.89,1093136413853.614
3165785.1395967314,59934068089949.91,1121019512869.032
3183430.4630522514,60268247112518.54,1153364621996.2966
3174722.600664881,60103587948534.27,1153604725215.69
3187634.788847065,60162017101344.15,1165923062618.4814
3188831.5103995474,60400137696849.83,1165626790553.1013
3181987.9353755703,60241433776385.516,1170980870361.82
3176953.5864583314,60146202846111.82,1162571711465.1924
3169074.6465648985,60048419068991.89,1173133852729.9265
3170908.8523572255,60032122029154.836,1153093671196.085
3172586.678614781,60064083587910.9,1120558795660.3987
3161288.824262038,59999733943522.664,1115042424608.8723
3141504.273347744,59558493047483.71,1142378714185.8823
3128550.82911517,59399376687089.72,1178346243272.1213
3140837.1893743775,59422577437592,1211441526969.718
3143769.3259196794,59510543993575.445,1231348708470.1187
3135047.761936942,59352150463955.766,1216598050135.283
3100643.4067661427,58703008814685.17,1239197697681.1697
3144766.3539141226,59693375127075.34,1295894319504.2278
3141823.607821065,59458002590469.05,1311284551535.4094
3149991.068808236,59636364863191.76,1311167143524.6804
3139885.451579429,59452462394476.84,1318806571730.381
3141289.230443696,59473243677682.88,1314968544070.1182
3129557.340262011,59251204972779.09,1326778390455.5752
3131920.564460476,59320522138092.96,1329778982815.1604
3143050.226450547,59418358247569.54,1318086434946.7932
3156051.5746379774,59753010026214.16,1316998718762.2898
3132439.3384481715,59299604896389.31,1303483503134.5085
3113275.6817813977,58830425481554.43,1319255275114.2441
3136438.6514616767,59382036166191.36,1368943230005.3413
3135970.7164065363,59373311621929.93,1367452414059.6406
3120163.8550146963,59074118429942.63,1366786093970.28
3124664.0584150893,58979034159045.586,1363854709739.0142
3111592.8056066106,58892338162198.95,1372869840894.6653
3083563.317816152,58320963061901.375,1397482096611.657
3109029.7554835537,58863686297646.63,1443162295060.9307
3116817.850927533,59052000110835.91,1426033790075.4128
3099540.629592129,58684163756921.734,1409915938895.078
3111475.6645824816,58731951630393.28,1398324390442.87
3118063.7588855317,58928785239543.83,1393332350106.3027
3113018.3275498496,58788834125672.68,1392297531368.7712
3171020.9167589457,60038128149840.91,1426466814475.5886
3171335.8725559716,60044170609451.24,1422739142391.7224
3163534.381407554,59991542594343.69,1410158456265.7234
3156613.1074176994,59637391181828.29,1381484759666.7441
3168490.5719904653,59990673277611.766,1380496594108.4734
3159052.5460039484,59809936029578.234,1369294498135.0132
3120319.87688365,58902384075519.305,1386713881302.437
3122458.389372259,59119612345397.805,1395497893893.3484
3117293.1214357903,59014334941985.98,1398009630334.736
3117937.601788356,59034269775485.9,1396971012608.9219
3078678.6911562807,58321974698980.63,1418723302813.4143
3084399.7219029786,58294910071728.85,1440195451592.359
3101089.879542905,58558691625441.33,1420136936927.8657
3084014.333478304,58289740375518.4,1427481613356.4492
3135281.190198199,59300983731565.85,1491542402714.9116
3139573.135780599,59408278064699.26,1501929847021.2961
3138741.829818646,59415948462498.24,1495731947158.2227
3172297.4057472767,60004119594420.945,1502549017767.8943
3126110.6055423883,59189236700878.86,1494675623522.067
3121778.81306495,59082972932099.91,1490394772545.894
3134353.218400734,59346683843862.03,1521997742009.9346
3126264.196180806,59014512058736.375,1519550310185.407
3121998.871614278,59113153580701.28,1518717933430.946
3098264.3270594617,58663813253446.6,1509073042749.3972
3112358.895682931,58908093528537.64,1480620393140.1465
3129005.849157056,59245117044745.8,1473138244645.9084
3108230.891286284,58852875516832.43,1461153223777.307
3119666.7890120177,59069583509557.96,1457425655578.7341
3112473.359241551,58936565789548.12,1461469092960.25
3131749.355944961,59298596733039.39,1480625092809.479
3124374.025552635,59159103607875.63,1438816498320.7202
3118762.3902542344,59053004881440.695,1409954615161.223
3118409.32340982,59041621698959.77,1405795428389.183
3127902.795123599,59226448437815.95,1410865351588.5122
3131905.4807572463,59300029361221.89,1356295790408.5088
3122004.3033957183,59108890909089.16,1321444999301.2095
3141092.4082786418,59387853912836.4,1299228705558.9182
3139885.8362946985,59388577213380.836,1286765818377.4963
3143599.6993267112,59524509841508.27,1247923333938.431
3132309.6398598994,59186092333191.8,1219916774194.637
3158383.3124003364,59800978554704.484,1228334529394.651
3208101.066862939,60732250775283.96,1283329455551.136
3220911.8416371453,60847222700587.11,1328647119858.1912
3218436.79932728,60919199362469.11,1328149273429.22
3200000.9395630048,60705649811993.695,1296445820931.8772
3208417.3688514545,60752723997662.46,1304029139379.2617
3193931.015247652,60478521042671.15,1322241559594.906
3170981.96702379,60043623285234.73,1330924534988.7424
3078448.4401893294,58291960439205.04,1356347361742.0825
3069263.3748767045,58118150197722.72,1511393600341.5667
3030786.2824904406,57615454589080.09,1558301720669.9216
3053778.8322096006,57919894809394.055,1671884031287.5496
2942025.8280888083,55709224328114.74,1670337340502.4282
2980114.3710801196,56620836692004.5,1864154401560.628
2877071.7029125346,54596281839717.72,1978960582104.9014
2903755.6151665896,54984862983781.13,2131402033973.533
2912174.152293601,55144326927782.1,2128101867061.5847
2890410.859552162,54732293981703.305,2160348129338.5054
2925934.491255821,55152026203826.445,2220819066244.3936
2923592.319246236,55281483127461.07,2234867266817.385
2913573.029763109,55171107139280.05,2258746829585.637
2903583.218195587,54982068894008.89,2284607007256.206
2899679.327117256,54908255246309.18,2291633504845.6074
2825402.252785812,53543261056196.85,2382374096273.278
2876494.953189547,54667579616948.336,2507178316804.116
2861760.15640629,54190467750839.2,2492717041085.044
2910132.523863425,55106633238443.3,2509947283093.855
2875142.4443302425,54445628369615.305,2501030663288.2144
2850695.4409642722,53942350974881.96,2537167523003.9336
2865424.362089471,54289955770955.38,2586797476966.998
2839782.1364453104,53979945358549.48,2583144473219.4614
2840391.7022526925,53786509391367.67,2652703295277.9614
2680526.389492212,50759401978819.19,2602307584562.3613
2661402.6211980483,51148629109794.33,2768105620801.112
2707813.4776180466,51562583055068.95,2842009833405.264
2704604.8795676134,51215631299317.41,2807755547437.0527
2726568.1917338385,51513189180600.21,2805131159889.753
2726704.0292145824,51634211762293.73,2696144376460.0527
2702768.216557124,51150335713234.445,2570293057134.134
2709832.4198540626,51270501125453.85,2565304187368.543
2659223.779167935,50384171967165.84,2538717141970.2124
2669439.7734132423,50773049984392.17,2622848997007.982
2647929.372641609,50188228165792.35,2644361702844.081
2656223.74020965,50516246670912.18,2697837829476.4976
2579315.394153063,48919973492274.54,2705563516180.651
2651696.8749192934,50192886201526.76,3063566148461.3237
2636250.1969458205,49808314836912.625,3074428336577.1753
2675588.230635331,50514181219357.3,3094161910644.372
2655330.3930946505,50283726120994.08,3085812125263.2896
2619134.08706202,49679732987923.28,3000984086622.468
2604047.4950328474,49360134994097.44,2979139157317.365
2612876.434783477,49480056722753.31,3042873655819.78
2577309.007652088,48806645007212.016,3030293657836.4805
2569563.461635008,48474981408673.22,3018231550142.9355
2575155.5728386925,48781148528594.875,3046688718642.2163
2639258.882758213,49493006320107.63,3117168368887.431
2651616.0691560027,50214083063410.43,2978365352286.535
2599901.5355814975,49238969651026.59,2766555599963.769
2618143.8383398005,49580444402600.375,2643216158973.714
2636910.8808921007,49953174296460.305,2594198045127.569
2638101.367196161,50073337622479.01,2560480431034.1543
2608034.3535340433,49389306309516.27,2517200838314.5483
2617862.6646896624,49640286072095.95,2457484080368.463
2630645.961367347,49817707946574.336,2455276787415.1494
2648717.3663029866,49798035426739.234,2451399601337.949
2630234.6879604217,49810116747474.875,2384065988048.9775
2654867.1069691707,50353951470259.99,2342499927018.0293
2661335.224280647,50399301943337.18,2338972137450.4673
2677237.637993625,50714549874806.164,2331023838326.3306
2671581.977645765,50593516497947.055,2082326853700.328
2661595.7011221256,50404500909140.484,1990670248357.7952
2673531.9500385886,50630628889736.234,1945602538454.8035
2684088.0381438355,50830569455742.14,1884291758407.8074
2620201.5362399444,49642141207177.336,1865289502922.2185
2640187.6079959827,49893974619766.25,1823197428615.7466
2631759.8500115937,49839954860097.414,1759382326593.7097
2639896.636216863,49994098507011.33,1723528457848.1797
2605130.9756647996,49335821924674.37,1661001861241.5574
2590171.065827259,49052576759162.52,1654631874204.8623
2629427.052048218,49796155247365.45,1626526759966.9324
2646887.8119060206,50126925488920.56,1614648619829.5234
2647666.2037756024,50111843360408.78,1583680871893.0232
2701844.49610217,51167917430945.836,1701566319322.5425
2677388.412392865,50685385718742.48,1701400724670.5688
2649533.158290191,50181955634526.51,1662139421857.437
2625580.9363542004,49970395703299.05,1646312873469.9778
2638242.1304036095,49963736514474.49,1654942499477.7944
2621379.1678249654,49779242646897.17,1649077717121.4575
2632209.7285974375,49849774918826.484,1645637725427.6497
2638086.4506253386,50041764878772.42,1615332351728.7212
2605559.5848735645,49345356325853.41,1593640657676.9062
2617185.258694813,49580348626054.984,1594784574032.5786
2571231.927263787,48606739395900.734,1594644604048.099
2500809.7236750885,47361755006881.87,1715707212818.9595
2521401.4026564825,47766442098299.72,1888338876414.7205
2501061.2227998595,47406723723316.625,1883475053647.9746
2505402.659893571,47445725311038.46,2014860369378.8118
2527461.046557337,47866904873727.88,2104559235642.925
2574340.8382042134,48843398373156.805,2235100730152.2725
2574818.160135491,48650164893762.23,2346982399542.466
2669765.29970174,50562284546256.3,2529769943964.413
2711948.587232293,51565802367762.34,2628001713982.1807
2688753.1173575106,50650126958756.67,2663879378309.7295
2796245.8643615926,53036531854234.55,2789363072116.5586
2748761.8247488793,52058731479873.4,2809129247062.668
2710620.455390377,51336541097595.2,2763716983199.4536
2744997.6018328657,51987696240949.57,2715971971654.1836
2686106.1474419376,51015294595555.445,2655351228096.1606
2695271.617783815,51002239059815.92,2659633875033.9688
2715171.766578457,51424733740755.62,2672310638634.837
2724970.7398675852,51479529894954.03,2663522749598.1826
2682722.6384163178,50808821797692.21,2634389100200.659
2697885.313732531,51054023843686.78,2635116185449.564
2684778.8932211357,50844682919037.664,2626268683588.9985
2700227.4623793084,51140755506673.23,2641014458576.9194
2708360.0214425595,51300114090430.484,2650768872599.3545
2734224.4860525117,51784825514020.15,2751289371778.546
2723842.863286319,51588290005282.82,2829164193558.854
2728579.3984107315,51678046845114.17,2714392784004.6562
2738407.38362226,51921358490260.4,2673139881089.7676
2730228.5620791363,51669428239015.7,2534019455503.0103
2721325.3559585223,51540898072798.055,2477039478448.3135
2744435.3557945997,51978694486211.6,2114475664089.8447
2776264.130359986,52581573658345.336,2059720116833.708
2783033.5482424507,52709940164090.125,2001505713739.1726
2793434.2324742074,52905386164549.28,3654706209195.774
2781225.9362942204,52675913050292.125,3589896259577.815
2760708.240427643,52533424294556.83,3540527280932.0083
2739592.2677041353,51897507215106.02,3451916556840.253
2753933.036654546,52159472436705.84,3448514406291.894
2765521.626814255,52379065343032.42,3451874600698.87
2741274.035747936,52068528382715.5,3396297652035.723
2764919.3631637236,52185522374191.02,3417632746146.499
2758128.497029548,52239262644131.305,3401743367898.396
2803527.9469997413,53099309933565.82,3471978577499.3
2832045.52485995,53639525642225.57,3528256773535.135
2819264.3570782887,53397518173129.28,3526672399172.854
2792724.526408373,52894881162234.5,3506921852209.2876
2798812.5838941615,53016387061126.16,3465881792126.193
2821261.150711464,53435583355521.055,3466931511071.579
2826004.7707675584,53525553372064.56,3474223807045.9663
2843209.314338968,53830043340990.016,3481530758815.3457
2852724.413199066,53885153892032.91,3510020189836.8994
2834697.3308493732,53726418341701.55,3474280293186.028
2858995.4655636596,54139385582008.57,3534901531051.457
2863134.805895459,54246293410913.23,3520761049778.687
2845110.652005357,53860624713773.34,3484050201936.98
2868622.1343429065,54248240008631.74,3478892308152.9106
2852363.8891037023,54101468844628.7,3398189774304.283
2886791.861307747,55191456948658.18,1752855291914.7358
2797066.388803516,53516212368553.92,1968955855246.6199
2787934.0155124543,52358649962537.99,1968406986456.1943
2737211.5747963246,51934944280745.93,1966761123051.0095
2759418.6059680087,52248543135036.12,2004273311823.4958
2776740.029637423,52421910934603.76,2016962345136.5388
2698190.277295714,52376713028222.27,1987225614610.231
2711950.161801288,51375232416570.82,2043407381718.6584
2675445.395643013,50622726058685.625,1999150630597.0356
2711707.9001050876,51104008541770.51,2046602576933.2295
2708897.284110019,51276243191061.55,2016408131436.8125
2725682.172548984,51555694648193.36,2028745783727.627
2731625.282721194,51718538936674.15,2020102834048.3835
2746752.5925995144,51558371350567.57,2055861456244.5452
2749296.665691142,52182030985215.11,2059586724394.24
2735496.9181885705,51813542252351.914,2034183129254.8853
2758201.8191089667,52243027827488.414,2007514938569.5645
2767782.583222477,52301303072879.914,2017712575341.9917
2770877.7664689855,52374293603246.125,1985869519158.0457
2783678.3910792214,52660392858575.21,1969777466882.1875
2758209.201817782,52244255512616.875,1932535700305.4253
2746513.2621367457,52022787077844.125,1948449501815.0283
2736819.721985948,51839265502517.69,1944063263217.3538
2733182.9583547995,51770497543822.77,1911036341362.1455
2732636.046883241,51667389571760.41,1673696606423.9282
2697587.40287628,51269972534987.914,1567377172333.1763
2746677.6727977707,52026381913380.73,1583377815067.1968
2781455.129730742,52685260551500.16,1627496088314.9448
2803574.1422083415,52820525056518.44,1658927804370.3323
2797760.045090614,52939370504674.54,1624856637003.7974
2781568.000710535,52687799056274.78,1607834181872.9978
2784296.4571058974,52590702748798.04,1582915965814.8374
2808433.6289768415,53263166606524.664,1580733382279.4636
2791418.663819142,52874683862798.56,1564704396295.9739
2793121.7329370347,53029777888289.695,1543800732496.5706
2776402.1136082523,52783379184180.055,1533913174341.3994
2773453.4413111783,52705481974307.44,1531738012994.6616
2752462.8821216826,52060495236867,3806496309443.688
2746275.1400822713,52020149674073.88,4011236106470.183
2752097.442105914,52175168117927.54,4028596625716.3423
2738374.4634604095,51939606481537.266,4011227981254.4214
2725553.8711030963,51532802295112.27,3995892634281.591
2768504.6069380715,52397713561979.16,4082152262580.879
2757492.90003325,52233205367934.734,4061583922988.909
2794105.4594408874,52926800608999.87,4142637828845.446
2784045.5142411725,52699847696327.83,4111999775606.6895
2767569.1499095387,52424401865246.45,4084663681758.3784
2782285.112643298,52663389115042.79,4091607143885.509
2798162.199284585,52922677325473.24,4096045470525.6226
2837214.573735655,53494433780917.51,4145013125449.5527
2843139.260754178,53856199564507.15,4121141928030.9062
2830730.725668691,53621363044552.31,1473377811868.6277
2839002.0985999433,53778132254977.055,1441087529664.0928
2836510.85550594,53715718035416.62,1394177861078.3962
2819587.9774065674,53397389194338.47,1366554622483.3943
2818081.487572078,53355236109292.35,1359124110030.2683
2834613.302416411,53695459007360.84,1330711000884.567
2842545.124326322,53978730392335.62,1324605265604.8674
2829094.115370743,53599973186428.55,1300192074636.8167
2833445.5921056625,53668895961090.22,1284732049329.667
2842580.4355763826,53846751044045.09,1263120327113.6929
2839449.5933216466,53835229436445.82,1235360046277.656
2832005.6957693663,53628895354020.09,1215840014869.5083
2840699.2521202583,53748255951509.11,1201070688879.6016
2836022.5955062658,53722863943375.66,1166904362541.2856
2842369.2518259636,53807390982293.9,1145017029993.7297
2866907.2844064776,54305049838862.07,1140275979226.1963
2830498.8799237628,53618528060742.39,1102472392956.0906
2815627.978636109,53441632782099.48,1085564410412.4105
2816161.2589646545,53324766760721.836,1067227364447.3042
2827786.6928239595,53567450474330.63,1052959856067.5398
2849972.1673204703,53987894857034.86,1046754803797.1003
2845688.7550989273,53952869505570.9,1028018561899.8651
2880565.999400186,54398341405760.21,1062574715283.4177
2888243.33929319,54682459917571.29,1074418904455.364
2864443.525305977,54262565870529.1,1061230842998.1329
2867472.6647903197,54213296108428.52,1063420744279.5074
2844191.8783973856,53758401735726.52,1039849580732.1945
2846851.125086095,53949018989269.25,1028581307735.7621
2851572.1903830445,54159072349832.9,1028002786266.0013
2850804.299397275,54004869781425.44,1026840656030.0061
2865485.0059392727,54283103218387.25,1012105026469.4899
2869146.8277761634,54352523591998.28,1021930456531.6152
2862363.1310854615,54273790297586.05,1015359196925.462
2876795.039253561,54326551372750.375,1022840108324.669
2857529.7492909334,54125873906053.43,1016144597985.7268
2851856.9922367004,54025382082799.58,1019332112091.9082
2866986.871574638,54312216497031.17,1032879395089.4618
2865316.7648295634,54175388598768.1,1032643909709.6871
2850554.3657102752,54001095741712.32,1033657899778.4307
2853096.171365938,54049487696003.56,995245022347.5151
2844053.9518749276,53878235865382.555,989280268347.1936
2855058.6552761896,54149480047679.97,963905963247.2777
2845977.235447864,53914884320792.55,934814941719.6604
2854612.180915797,54078538191333.34,932400146719.3428
2843797.9926789687,53915538823570.766,923327903189.416
2819926.9247442875,53486267803997.73,929541689361.9122
2835625.5386426956,53719082672985.76,906278908039.3588
2835774.8771142485,53721982687631.234,875862061274.0293
2842385.239570599,53842594749371.65,874142393389.4093
2850501.7813540245,54001205574782.945,886087669679.3794
2774869.4630811373,52954250475920.41,900336637851.0559
2770814.55882728,52491815554729.44,946947145538.4225
2781244.7050789297,52681836942278.03,961077800490.8658
2781849.60600334,52701028045890.875,971181456099.2319
2772497.5238118772,52560257842747.28,968378494807.7612
2780678.6031175614,52679016266694.336,962660774113.1431
2776809.3318642806,52647123832486.305,972247670949.3505
2786404.0587336025,52865319980572.555,986421318398.2244
2781963.854117003,52684906955469.91,983265768451.712
2782827.539175967,52720180734869.336,977884250144.7358
2788991.099683414,52781218209786.06,974713220868.7693
2786700.954261423,52793681733956.695,992410401694.378
2775595.6971580796,52491733068081.6,1032649664596.8866
2788946.079042029,52832693800580.33,1054902209243.5858
2798491.1665778533,53017345188538.26,1082441238950.9963
2817006.7970341234,53472798924502.45,1150192215630.1704
2859662.6827644156,53880764705933.88,1210065974986.7263
2876451.0643107123,54477645607310.92,1308745333877.4377
2874843.9029482272,54496366286432.9,1319606302568.1765
2871848.167433969,54477329852824.734,1325973743021.2673
2875425.998635787,54452213760098.84,1339873106720.9067
2868292.337018549,54340549817408.71,1347250277599.529
2869982.001077789,54372687224911.04,1347446607540.538
2874540.489737788,54269602763012.24,1321991716697.1697
2860256.1716180644,54163620137702.81,1272439897938.8655
2857416.7695832755,54135026535384.086,1250103829654.8896
2870402.9925207426,54423182097970.83,1222759821889.0332
2883568.9103524527,54469068849444.97,1239554733668.3232
2873676.840284329,54443368145710.89,1237265538169.3516
2875817.759368222,54484021046442.6,1238123390203.7502
2858744.791564768,54153013463746.92,1243665088714.266
2876344.1806512815,54436380881738.414,1250344592160.2122
2876567.2710177945,54498488496369.15,1246099643283.8623
2886512.21524775,54670588832658.44,1251491292014.4536
2866818.62109063,54313957220062.27,1318903358777.9094
2865026.065650872,54280084773461.4,1342741313158.9097
2874928.4361621253,54467819165840.39,1343272193632.5356
2889624.3208614024,54746478517745.94,1340651134130.0366
2913318.2676145197,55012476578871.19,1352663421413.9492
2875781.6546429293,54484504589013.49,1377858875466.571
2891545.660218614,54740016974891.09,1379537061869.2217
2920790.0181637513,55276405444020.2,1358377867185.2798
2911690.4532765527,55165050382442.95,1345217077049.3525
2884582.7227954315,54990862488383.12,1319796778569.5647
2874811.8994159983,54466525474139.63,1294100758037.1533
2895171.9485735097,54852524143095.125,1278296217311.4036
2901569.188000628,54973817507757.45,1287278823482.703
2895048.0104957977,54805272343201.5,1273644109621.1624
2900351.853544928,54994906677787.25,1279079831764.8054
2888294.018612354,54711431422280.62,1272033830326.557
2878996.7811123035,54546624613666.14,1274392031367.6372
2893988.1396215693,54824612876864.6,1276110664502.8816
2886956.542972382,54712857165342.71,1255231031496.9644
2885176.3434187016,54675993862526.84,1254801480057.7756
2876668.293250245,54502956911490.19,1260865170931.3982
2872275.421649514,54509016724744.52,1259330233728.342
2874291.545149276,54401065623891.89,1238369874627.0068
2889283.9302422553,54629546229672.95,1270175743397.552
2889257.683538166,54742846107037.16,1169139480692.493
2891057.4828290935,54803472885991.74,1165889255353.6482
2887164.497336215,54702418585878.9,1143501465572.3203
2898781.66484248,54930600810353.98,1143866483640.9668
2880719.2835962344,54580501424738.914,1129789546711.3037
2829978.0199352717,53666713575698.85,1138560310898.8418
2809808.5782489683,53356554420940.38,1152808129018.8054
2800931.090381558,53069118128491.41,1166695332323.2036
2802678.6863737376,53102283003756.055,1143158676891.5764
2807436.2991970335,53236652359630.36,1150059199430.5505
2819232.081535916,53416272172069.16,1143087725577.2268
2815382.132992567,53343484473422.914,1144731120086.3428
2760745.2512895903,52225511712675.266,1190809027739.241
2784198.489908205,52770904298332.43,1234769214094.6213
2768511.7481569285,52424239503378.07,1250279720814.5713
2770701.433503261,52497344519433.54,1260887448903.9607
2766339.4342012247,52468510196541.71,1261145358138.14
2768890.8293508375,52463282100042.07,1259529447008.205
2761883.2691223742,52330661718832.34,1266773007090.8647
2767644.0006199637,52551846550298.45,1262034355906.7634
2774245.6436626455,52491458776107.86,1273106806246.8008
2769700.6168545946,52472086656303.49,1277233441681.8638
2779384.6478801537,52674807277221.58,1276694698093.7231
2782761.4358712495,52685243108473.484,1276841046596.9495
2765199.9122359757,52393970987080.19,1268059899587.0964
2733289.139306403,51789405960378.97,1304996194002.9011
2758915.6538050207,52275053714203.98,1347227278190.3337
2748230.8247754555,52072738393753.48,1382724412835.695
2744105.5911634173,52078188948738.1,1387322149249.261
2739769.6307400744,52056490669570.016,1342056083179.8596
2763396.70885999,52360442910353.016,1318616619119.3271
2753573.9040458533,52307220504906.08,1284642991603.566
2756438.7753468393,52228795182363.76,1269651366446.9023
2753861.563283399,52180080777523.82,1271767996468.015
2738702.350449493,51793298725635.484,1263930443505.4639
2722460.5647467775,51593175841948.414,1261940561428.006
2763346.4074466596,52343041153096.54,1243567575680.5107
2756516.231744542,52230916114725.125,1212695756872.97
2769399.076177034,52475091573029.69,1204480494077.4587
2778552.571553544,52579284403331.73,1186660734648.4097
2781179.679844794,52698557398111.12,1185773272597.4888
2793860.2989071533,52938936628105.99,1191152320365.5781
2792915.5638010846,52924517833897.21,1191172781580.6506
2793778.0391129074,52937570714544.266,1197709375257.5078
2811283.9062493634,53269402251273.086,1229183973420.886
2840506.3401873955,53823209404761.88,1254117890612.734
2833769.913528534,53703690729725.21,1290552460441.0903
2835795.5493252194,53719755289585.46,1302852415172.5386
2849126.280105446,53846652514910.9,1336535881856.0198
2835324.584390262,53725536326786.94,1299006381649.3887
2831064.980602418,53644876431081.89,1275453552390.1477
2840080.0009353315,53815786992683.3,1252501223443.6394
2811465.5818215744,53273688156902.01,1265330513751.3809
2840472.104826524,53823412839164.23,1322228900391.1978
2955823.5348100387,56009214410055.35,1544728148207.4883
3016593.0282657202,57092498280136.92,1702096296990.805
3026554.7755817417,57349559945659.88,1757864552383.8083
3021887.543823278,57252473140597.32,1783543001743.8677
3044009.4072286836,57586245459822.14,1812705050327.7234
3028248.064177976,57325029122719.74,1844168107801.2415
3031508.2805341566,57443765446063.37,1809889232729.6902
3039414.8674321575,57460592682732.625,1808769738133.802
3110800.013214825,58026719789171.195,1892077108084.8247
3105145.367732496,58839533094413.88,1926116543009.6096
3084028.2750514606,58439442993703.19,1974970656640.8386
3094401.2432427634,58636096937522.734,1944321360551.7397
3097289.878798047,58690874226071.34,1951060301213.398
3097889.43347864,58705921531936.695,1967612637983.1562
3106577.333304432,58906799238549.1,1952021344149.572
3104489.912493358,58847957554762.76,1921346710844.5635
3094148.336897159,58650251252322.695,1900059375177.4202
3099114.8835317823,58755753067054.41,1889710812789.366
3101857.67518159,58778068866610.61,1896341578287.8647
3106854.369831162,58844601483839.87,1882767178308.2925
3098395.560584507,58712600506335.39,1866562295978.575
3096180.6322396155,58715759704636.01,1871155804171.3923
3104331.2003539684,58825269525949.086,1822004962493.9143
3107702.75464093,58889276610147.1,1770604319376.1597
3123051.133851283,59311790250988.99,1592200756047.2966
3092810.6055682627,58752924760762.12,1431878651697.9211
3111839.6110136625,58967997642959.29,1438609179574.6265
3113754.3300879737,59017440879922.58,1395759113170.3267
3108809.323214342,58910749109750.31,1371465523731.7288
3113373.6887822403,58927183995990.45,1322837615510.2075
3116132.0383843165,59049745474847.01,1318083785578.5295
3110023.2089993916,58929311246808.21,1301051233235.945
3097352.5103317834,58694055732659.7,1250479514136.2625
3105266.94285319,58688440525255.84,1156107829342.6335
3111516.0313596553,58962662498347.76,1129285335458.2976
3103170.896877705,58834173705780.13,1115927482263.6033
3101177.0545141893,58767091201827.12,1100703233690.631
3105771.183350693,58854286280216.05,1094766550599.2499
3107695.4643760454,58905974572229.45,1071759459421.3033
3100650.411958072,58837291234636.44,1048613244822.4801
3115523.7388282456,59039445901360.54,1040555806282.222
3110060.453330485,58817302666813.42,1027407139903.3483
3110890.5913383844,58951921111715.86,1015408840937.4365
3108182.790616863,58910922426458.03,981134602391.6964
3104403.9235865944,58784243570187.87,971216948486.7053
3106374.5252037495,58860441465118.44,959040844478.507
3117946.398381009,59076841248204.99,968260643690.8025
3089480.8268611734,58546780061078.555,1008303786870.1246
3104026.896192813,58822569917773.664,1020360899492.1906
3113907.5696415096,59009927905759.97,980111498600.4957
3115030.2524983333,59031302924213.34,923435467408.0616
3104138.509215048,58810199719319.29,906969701008.3401
3117593.1111163367,59080238188369.48,907916164861.9003
3109241.6390514877,58922072336050.1,899402350233.6399
3117558.911398149,59079805194994.266,897280160130.4564
3113177.7566716336,58996857242046.3,887848359876.036
3170468.1196335163,60082647263165.02,985761854950.0619
3126758.7210646397,59272661655377.77,1045971689455.4517
3152621.5387231507,59748891928136.49,1055785889270.9141
3178555.3750569555,60377235602493.47,1124909241843.5637
3209094.331438651,60815225765660.734,1196380451028.5874
3202371.966889504,60688010240156.445,1212710589147.6372
3200788.3475655885,60660771870820.47,1244874613979.9102
3199142.607123957,60627069915882.57,1260208323861.207
3196934.1673660353,60468977913159.84,1269441103938.9167
3188521.055705679,60338375160887.93,1285202454124.286
3174624.4102988634,60088755143637.76,1324969880240.3665
3185033.1951013384,60359901693884.14,1342136352357.2075
3196937.7945412975,60520648090909.25,1372566839037.1714
3195735.929614295,60596705780745.89,1387211176915.6028
3202750.669023335,60596003394738.04,1406029000710.4563
3242899.538314154,61456957717782.11,1445170272059.3271
3275795.9425957548,62080549061567.68,1534182242720.584
3270202.727933866,61781736205858.44,1587413957654.1204
3297640.5529486826,62494677637953.516,1642270554548.5322
3290016.0216641966,62204069092743.98,1715901474922.9692
3314759.2134492323,62819387423427.62,1809394902208.781
3286693.067416208,62287599332484.9,1811590384012.8347
3289873.046668112,62179011911927.81,1858343262188.466
3298614.494379357,62513857520955.1,1885439726812.366
3278247.4539981727,62219784484198.53,1804592336284.0066
3278521.5368980034,62146277102921.984,1774229555064.1006
3293999.1783770826,62409475690292.62,1781029620288.7847
3290630.886146859,62411333838724.25,1743349577157.6282
3303385.7968663317,62604918652060.93,1723366110270.9597
3313534.9550780044,62797408685692.9,1729614308199.719
3351311.920332115,63094629376663.2,1767363548085.104
3349529.553990904,63391884595180.16,1881345872286.2834
3359928.8961848803,63677036447606.23,1945653619554.1807
3294529.464624011,62437777454257.81,1994083891474.0938
3286634.3386208727,62586762605741.64,2099722187677.1897
3284630.794303345,62250342521421.76,2150157717020.1614
3287264.857713803,62300407946634.88,2147892606913.3906
3250760.7077304306,61418260151557.85,2171834429319.1396
3262665.196822494,61731626993591.09,2214520272431.2466
3272647.5680082645,62163949372942.37,2195176050584.383
3255139.5958872964,61532400015624.56,2167770492370.2185
3232747.2157215183,61730811728785.62,2125917580392.0193
3219917.0289130094,60913709048140.04,2157015214007.5525
3215009.2792432453,60932119358864.72,2089196422080.297
3221144.49184403,60886629907973.23,2086825918738.8657
3313281.3699695547,62794839259655.93,2162993769482.2834
3312245.5282145827,62775290314295.016,2202665898217.3906
3298361.582012032,62512197883083.04,2185655697249.6375
3300386.0267755273,62550648682113.84,2168039543039.3235
3309770.241280694,62792674166858.53,2137867970768.3066
3284730.603503269,62254162242841.83,2130082519960.0386
3240768.3709529843,61420262989690.77,2137096253648.4917
3238853.5874042814,61552890376498.53,2124693719345.714
3257565.565627532,61723607231728.92,2111951727698.7388
3273089.433091439,61933668161964.586,2106305694348.0984
3275031.456107291,62131661347554.06,1980451114414.0657
3275844.729320992,62086367744825.04,3304838103641.5
3253604.512806423,61665016472057.47,9039959953751.729
3250511.988943514,61606505155791.945,13908832336659.734
3257972.6944164406,61747968778524.17,20108040308045.31
3277639.233910064,62074985074535.06,24722934129353.453
3304141.8088413323,62742391534173.75,26625466246501.1
3301059.1823736615,62708234624632.195,26608952046500.625
3305613.364897061,62651247131920.25,26630854496505.61
3283716.020910418,62236371539511.8,26404195815794.234
3300228.261794413,62549493564278.72,26532652968794.293
3300836.445092845,62561185553419,26461790261442.984
3302892.5208101263,62600422160128.73,26463966689768.402
3329638.3305587997,63164340328064.195,26677644670633.832
3351179.632696092,63411770122083.1,1549978572282.594
3331935.7065937747,63167089635484.336,1501697378074.5432
3339274.510838227,63285737904056.12,1498059686644.2676
3320321.427343678,62939937521243.04,1479767476476.3447
3303816.090279559,62687727619982.47,1453710596611.7134
3312966.921027863,62792295346933.16,1455992806140.2634
3296412.7256986797,62731872167649.28,1402236813170.214
3281521.470601737,62196582996289.14,1415051847982.3386
3286230.28940198,62285953565354.58,1435959527562.1558
3290595.2666819636,62358124058190.37,1406394793138.9666
3298122.1319553927,62511699905496.234,1396905111724.1912
3310160.9780213432,62740003359103.766,1392822789563.4836
3319367.255750545,62930358298009.08,1359974743419.821
3329812.2521290528,63078196487632.77,1369790712752.9583
3346807.345774807,63434777312878.76,1386509207438.763
3370234.273532772,63936498401004.44,1439989196971.4595
3370482.500163063,63883680404400.67,1425555247773.654
3297537.068506074,62417230366416.69,1517200862848.4583
3303510.504802543,62614592753565.19,1660724963051.4797
3393719.6163523346,64324476765351.75,1871316359496.3704
3417080.2153452965,64767379406617.34,1977332610644.8035
3408379.695003474,64673430197050.23,1972621211884.0193
3400483.349460549,64453101454010.195,2058722417622.64
3353634.759639211,63575514806542.94,2019939692337.1975
3329054.6976429187,62832043843163.555,2069784515863.7307
3314318.805325868,62820447101760.664,2068147133818.3743
3318228.832547011,63014685328714.1,2100588979634.093
3295610.8931699414,62466099716348.7,2105837745350.8936
3256406.918648757,61445960980371.78,2150770303319.2493
3268425.926880657,61951009898929.67,2235447161623.0117
3237282.966839895,61361300130208.53,2217636224404.107
3262459.1106626643,61887628442398.914,2240399215229.889
3269099.818010361,62001673248247.96,2241465381451.285
3253282.8519079187,61655964259803.36,2249063891289.2036
3286148.2328799623,62417768868713.484,2302439660270.3813
3281599.46535854,62201874494808.53,2277417725937.1577
3268434.8384676888,61952528676187.35,2222468203635.809
3282255.478909547,61959447401042.9,2209076202687.458
3301102.122401156,62451300348128.3,2099919865745.3582
3298071.2610812895,62514548283315.766,2039955796338.2993
3291100.5715681724,62318990508951.14,1777684970825.7556
3278513.9410413066,62144149789589.445,1721950722008.3062
3231604.7651085905,61255068322633.32,1691590624037.2063
3243490.2722785776,61480520285554.06,1776429666951.6545
3216132.8454917506,60962039296259.555,1749541991214.1824
3227681.080623949,61181075749594.47,1769092575777.182
3190309.246574271,60472790315202.29,1751350237809.0625
3210700.787112017,60794872314476.516,1760901777083.6301
3204567.236627355,60773180069162.96,1678502372709.9246
3214710.888181471,60882482080519.44,1610167014875.8455
3216310.9218263067,60894783210753.71,1582482520818.9766
3205976.436426125,60753948595381.69,1567047612937.95
3204188.2256605537,60803080346138.21,1560606789408.8923
3201877.191149595,60701709373630.74,1539002096410.488
3190231.8475931585,60433660729248.414,1554285268864.1477
3191445.724226689,60495567509070.8,1582029755524.9749
3205048.741898908,60733820089844.15,1572438009042.3079
3214579.964959933,60837503360003.18,1540696372780.6575
3199303.8809183524,60618192056310.84,1517523843564.57
3195512.058948316,60504228786737.9,1533738551582.2488
3189033.3015703205,60497359141318.39,1498639403490.2192
3182449.4060188923,60326033573083.21,1477428663013.9927
3177756.030045918,59953777045496.38,1445176120224.952
3177336.153438576,60229444321790.9,1392681683474.9602
3241111.1384464446,61403229226420.305,1460552934347.9736
3234657.4871833543,61261014869389.85,1449671896079.5027
3246427.0799657535,61510025629406.53,1418245372332.158
3232116.414115842,61231728209032.16,1310157069684.0686
3229269.7232961953,61256228405647.62,1231462317727.5422
3175899.380938991,60245996841319.94,1219808993558.0095
3194482.2553093215,60532171824700.61,1205883035040.3293
3196279.381329845,60480248633599.51,1170934559278.1252
3208014.438694689,60879713436835.1,1155290025541.2114
3203363.0816490194,60724510613559.57,1138972036367.3333
3198299.5439814585,60628603685079.055,1135708266022.39
3201369.606066948,60686862179865.89,1122688696114.6306
3198437.4426224907,60625055727152.695,1113298254712.584
3205060.9283433664,60737099695316.71,1109993183562.7576
3211113.815400588,60856076271946.49,1082962719456.6157
3214211.8574961764,60862745782764.805,1056054142617.7091
3215314.501305971,60957807726338.94,1039028941686.4415
3206165.276722461,60778473609508.516,1029898561615.4872
3226952.394764392,61172417027646.34,1038847553274.2327
3220097.8034771504,61042788682129.28,1022413272415.9508
3226326.698535196,61112708559763.97,1012694210918.5955
